{"cameraMode":{"drawMode":0,"name":"Shaded","section":"Shading Mode"},"sceneLighting":true,"audioPlay":false,"sceneViewState":{"m_AlwaysRefresh":false,"showFog":true,"showSkybox":true,"showFlares":true,"showImageEffects":true,"showParticleSystems":true,"showVisualEffectGraphs":true,"m_FxEnabled":true},"in2DMode":false,"pivot":{"x":5.886218547821045,"y":1.3925319910049439,"z":0.34777235984802248},"rotation":{"x":0.1741146296262741,"y":0.6168215274810791,"z":-0.14232295751571656,"w":0.7543579339981079},"size":1.615560531616211,"orthographic":false}